{
  "director": "Avatar",
  "n_frames": 500,
  "mean_l": -1.3793316447138786,
  "mean_alpha": -0.06172660482494394,
  "mean_beta": -0.01692637288759579,
  "std_l": 0.6029484499022365,
  "std_alpha": 0.09298464400041849,
  "std_beta": 0.01767099043726921,
  "cross_frame_var_l": 0.6886473463949572,
  "cross_frame_var_alpha": 0.011742455753806497,
  "cross_frame_var_beta": 0.00035341727526705315
}