{
  "director": "Barbie",
  "n_frames": 500,
  "mean_l": -0.904471470952034,
  "mean_alpha": 0.003612254447711166,
  "mean_beta": 0.012286285753451922,
  "std_l": 0.4928144265711307,
  "std_alpha": 0.08103746048174798,
  "std_beta": 0.02955599216418341,
  "cross_frame_var_l": 0.0992101283755392,
  "cross_frame_var_alpha": 0.0031256752263133267,
  "cross_frame_var_beta": 0.0004142836238002733
}