{
  "director": "ChristopherNolan",
  "n_frames": 500,
  "mean_l": -4.512411414861679,
  "mean_alpha": 0.07599176651763265,
  "mean_beta": 0.01373630010522902,
  "std_l": 4.982242268830538,
  "std_alpha": 0.16872172126546503,
  "std_beta": 0.03416556257684715,
  "cross_frame_var_l": 3.415788576023018,
  "cross_frame_var_alpha": 0.014265481025873938,
  "cross_frame_var_beta": 0.0005255912492693986
}